{"id": 179, "joke": "Chuck Norris? favourite cut of meat is the roundhouse.", "categories": []}{"id": 465, "joke": "Whiteboards are white because Chuck Norris scared them that way.", "categories": []}{"id": 418, "joke": "Chuck Norris doesn't believe in ravioli. He stuffs a live turtle with beef and smothers it in pig's blood.", "categories": []}{"id": 420, "joke": "The 1972 Miami Dolphins lost one game, it was a game vs. Chuck Norris and three seven year old girls. Chuck Norris won with a roundhouse-kick to the face in overtime.", "categories": []}{"id": 497, "joke": "If Chuck Norris writes code with bugs, the bugs fix themselves.", "categories": ["nerdy"]}{"id": 352, "joke": "Chuck Norris doesn't see dead people. He makes people dead.", "categories": []}{"id": 71, "joke": "When Chuck Norris has sex with a man, it won't be because he is gay. It will be because he has run out of women.", "categories": ["explicit"]}{"id": 80, "joke": "Newton's Third Law is wrong: Although it states that for each action, there is an equal and opposite reaction, there is no force equal in reaction to a Chuck Norris roundhouse kick.", "categories": []}{"id": 94, "joke": "Chuck Norris has the greatest Poker-Face of all time. He won the 1983 World Series of Poker, despite holding only a Joker, a Get out of Jail Free Monopoly card, a 2 of clubs, 7 of spades and a green #4 card from the game UNO.", "categories": []}{"id": 490, "joke": "Chuck Norris doesn't need to use AJAX because pages are too afraid to postback anyways.", "categories": ["nerdy"]}{"id": 116, "joke": "Chuck Norris once ate an entire bottle of sleeping pills. They made him blink.", "categories": []}{"id": 606, "joke": "Chuck Norris once pissed in a gas tank of a semi truck as a joke - that truck is now know as Optimus Prime.", "categories": []}{"id": 122, "joke": "Chuck Norris is responsible for China's over-population. He hosted a Karate tournament in Beijing and all women within 1,000 miles became pregnant instantly.", "categories": []}{"id": 522, "joke": "Chuck Norris can do a wheelie on a unicycle.", "categories": []}{"id": 507, "joke": "Chuck Norris can install iTunes without installing Quicktime.", "categories": ["nerdy"]}{"id": 429, "joke": "Chuck Norris has never been accused of murder because his roundhouse kicks are recognized as &quot;acts of God.&quot;", "categories": []}{"id": 406, "joke": "Chuck Norris doesn't say &quot;who's your daddy&quot;, because he knows the answer.", "categories": []}{"id": 611, "joke": "Knock knock, who's there? Chuck Norris! Chuck Norris who? Sorry, joke is over when Chuck Norris gets involved!", "categories": []}{"id": 248, "joke": "Chuck Norris once shat blood - the blood of 11,940 natives he had killed and eaten.", "categories": []}{"id": 565, "joke": "Chuck Norris can make a class that is both abstract and final.", "categories": ["nerdy"]}