{"joke": "Yo mama so fat, her shirts come in three sizes: Large, Extra Large, and OH MY GOD, IT'S COMING!"}{"joke": "Yo mama is so fat people thought her butt hole was a black hole."}{"joke": "Yo mama's so fat, I got lost after running around her."}{"joke": "Yo mama so fat she has more rolls than a bakery"}{"joke": "Yo mama so fat she stepped on a Nintendo Gamecube and turned it into a Gameboy"}{"joke": "Yo mama is so fat every time she sits down they add another country to the map"}{"joke": "Yo mama so fat her beeper went off and people thought she was backing up."}{"joke": "Yo momma is so fat that she uses the Great Wall of China as a belt"}{"joke": "Yo mamma is so fat, her diet pills say M & M"}{"joke": "Yo mama is so fat a truck hit her and she said, Hey who threw that rock?"}{"joke": "Yo mamma so fat she was diagnosed with flesh eating bacteria and the doctor gave her 87 years to live"}{"joke": "Yo mama is so fat she can be my bear"}{"joke": "Yo mama is so fat when I killed her in Call of Duty I got a five kill scorestreak."}{"joke": "Yo momma is so fat if she buys a fur coat, a species will be extinct."}{"joke": "Yo mama is so fat when I killed her in Call of Duty I got a five kill scorestreak."}{"joke": "Yo mama so fat when she got hit by a bus she said who threw that rock"}{"joke": "Yo mama so fat that when she died she broke the stairway to heaven"}{"joke": "Yo momma so fat people keep pushing her in the water at the beach so she won't die"}{"joke": "Your mama is so fat people called her a wild hog"}{"joke": "Yo mamma so fat not even Dora can explore her"}